instance,IR,alpha,method,KKT,success,time,k_iters,D1_maxcn,D2_maxcn
app1-2,1,1000.0,median,0.000533668658951438,0,600.8458950519562,2,1000000.0,64171.68420333992
app1-2,1,1000.0,other,3.318728498896477e-05,0,600.7221131324768,2,33.298555925181276,1.0
app1-2,1,10000.0,median,0.000605013630729581,0,600.825700044632,2,100000000.0,641716.8420333993
app1-2,1,100000.0,median,0.0006052554134262046,0,600.8589479923248,2,10000000000.0,6417168.420333993
bab5,0,0.0,reldiv,1.901319282284755e-08,1,9.877157926559448,0,1.0,1.0
bab5,0,0.0,relmult,1.901319282284755e-08,1,9.804597854614258,0,1.0,1.0
bab5,1,1.0,relmult,8.830865336404982e-11,1,19.57861018180847,1,1.0,1.0
bab5,1,5.0,relmult,2.6487078668005244e-10,1,24.577157020568848,1,25.0,25.0
bab5,1,10.0,relmult,2.8547107524872864e-10,1,24.840107917785645,1,100.0,100.0
bab5,1,50.0,relmult,2.8802440992739e-10,1,52.75039982795715,1,1225.351163733729,2500.0
bab5,1,1000.0,median,1.5028619426529927e-09,1,69.54804801940918,1,892953.83785811,98630.41760670027
bab5,1,1000.0,reldiv,2.0812005626504096e-11,1,22.472089052200317,1,1.0,1.0
bab5,1,10000.0,median,1.1062325274293332e-08,0,600.1397998332977,3,603084225653726.9,37280742782152.23
bab5,1,10000.0,reldiv,1.2660787648676104e-11,1,22.58980107307434,1,4.1185874798683155,2.9981863982232944
bab5,1,100000.0,median,3.8679766462578534e-10,1,149.18130707740784,1,89295383.785811,9863041.760670027
bab5,1,100000.0,reldiv,2.7972029477546997e-11,1,24.185266971588135,1,41.18587479868316,29.98186398223294
blp-ic98,0,0.0,reldiv,6.027825086563718e-08,1,12.967411994934082,0,1.0,1.0
blp-ic98,0,0.0,reldiv_2,3.772001458333599e-08,1,46.992117166519165,0,1.0,1.0
blp-ic98,0,0.0,relmult,6.027825086563718e-08,1,13.269292116165161,0,1.0,1.0
blp-ic98,1,1.0,relmult,2.5974972735855076e-09,1,26.795877933502197,1,1.0,1.0
blp-ic98,1,5.0,relmult,3.4996235276868303e-10,1,27.190845012664795,1,1.5732074390935613,1.726563324244828
blp-ic98,1,10.0,relmult,3.643095812753796e-10,1,25.595205783843994,1,3.1464148781871226,3.453126648489656
blp-ic98,1,50.0,relmult,2.0611475662279253e-10,1,26.713286876678467,1,15.732074390935612,17.26563324244828
blp-ic98,1,100.0,relmult,2.5497035892633854e-10,1,25.431782007217407,1,31.464148781871224,34.53126648489656
blp-ic98,1,1000.0,median,5.187611400557757e-09,1,15.504016876220703,1,1000000.0,1000000.0
blp-ic98,1,1000.0,other,5.284742573968256e-11,1,22.964884042739868,1,12.083021269507556,172.6563324244828
blp-ic98,1,1000.0,reldiv,6.607692666946061e-11,1,29.179996013641357,1,1.0,86.3281662122414
blp-ic98,1,1000.0,reldiv_2,5.188119372015379e-11,1,80.70377802848816,1,1.0,70.61780052057617
blp-ic98,1,1000.0,relmult,1.2102824180365927e-10,1,51.185563802719116,1,314.6414878187122,345.3126648489656
blp-ic98,1,10000.0,median,2.502102843555741e-11,1,34.25827097892761,2,1086485222726.5388,1e+16
blp-ic98,1,10000.0,reldiv,4.8380000879251405e-11,1,26.59773588180542,1,4.640182831944043,863.281662122414
blp-ic98,1,10000.0,reldiv_2,5.051520176944745e-11,1,97.42614102363586,1,5.428119040807736,706.1780052057617
blp-ic98,1,100000.0,median,9.178621730045515e-09,1,19.643877029418945,1,10000000000.0,10000000000.0
blp-ic98,1,100000.0,reldiv,2.991210685229468e-11,1,32.46888709068298,1,46.40182831944043,8632.81662122414
blp-ic98,1,100000.0,reldiv_2,1.3218767465222343e-11,1,98.03212094306946,1,54.28119040807737,7061.7800520576175
bppc6-02,0,0.0,reldiv,1.5742184240850167e-09,1,3.893389940261841,0,1.0,1.0
bppc6-02,0,0.0,relmult,1.5742184240850167e-09,1,3.8815760612487793,0,1.0,1.0
bppc6-02,1,1.0,relmult,4.4254972009761135e-11,1,15.300491094589233,1,1.0,1.0
bppc6-02,1,5.0,relmult,8.681370021319603e-11,1,11.475961923599243,1,1.0,1.0
bppc6-02,1,10.0,relmult,1.11201547907696e-10,1,27.96704602241516,1,1.0,1.0
bppc6-02,1,50.0,relmult,3.925334827988556e-11,1,24.70584797859192,1,1.0,1.0
bppc6-02,1,1000.0,median,4.302633151703492e-11,1,99.28774809837341,1,256.2759885883077,18285.374753406777
bppc6-02,1,1000.0,other,4.144942548743799e-11,1,30.056939840316772,1,1.0,1.0
bppc6-02,1,1000.0,reldiv,4.144942548743799e-11,1,29.413681983947754,1,1.0,1.0
bppc6-02,1,10000.0,median,8.279847890008971e-11,1,72.03060603141785,1,256.2759885883077,182853.74753406775
bppc6-02,1,10000.0,reldiv,1.038261732501019e-12,1,39.37321615219116,1,1.0,1.0
bppc6-02,1,100000.0,median,4.118736256944307e-10,1,74.28611016273499,1,256.2759885883077,1828537.4753406774
bppc6-02,1,100000.0,reldiv,1.6095634955685752e-12,1,51.98778414726257,1,7.312778152443737,1.0
bppc6-06,0,0.0,reldiv,1.99509476342081e-09,1,4.02322793006897,0,1.0,1.0
bppc6-06,0,0.0,relmult,1.99509476342081e-09,1,4.402083873748779,0,1.0,1.0
bppc6-06,1,1.0,relmult,5.2368443301696365e-11,1,13.21723484992981,1,1.0,1.0
bppc6-06,1,5.0,relmult,4.083275336216462e-11,1,12.58919095993042,1,1.0,1.0
bppc6-06,1,10.0,relmult,1.0422809224424334e-11,1,13.09060788154602,1,1.0,1.0
bppc6-06,1,50.0,relmult,1.5180328978097668e-11,1,14.179520845413208,1,1.0,1.0
bppc6-06,1,1000.0,median,2.2718512399976055e-11,1,16.71089792251587,1,493.0302491307346,7584.122957650924
bppc6-06,1,1000.0,other,4.5807971522018716e-12,1,44.85949492454529,1,1.0,1.0
bppc6-06,1,1000.0,reldiv,4.5807971522018716e-12,1,42.920472145080566,1,1.0,1.0
bppc6-06,1,10000.0,median,1.1399372205424393e-10,1,14.810911893844604,1,493.0302491307346,75841.22957650924
bppc6-06,1,10000.0,reldiv,5.8176334068357815e-12,1,32.588675022125244,1,1.0,1.0
bppc6-06,1,100000.0,median,7.012407204519411e-11,1,16.875854015350342,1,493.0302491307346,758412.2957650924
bppc6-06,1,100000.0,reldiv,1.4342700657758958e-11,1,37.141676902770996,1,8.581171725547575,1.095357279759227
cmflsp50-24-8-8,0,0.0,reldiv,2.7259939256201587e-08,1,11.353004932403564,0,1.0,1.0
cmflsp50-24-8-8,0,0.0,relmult,2.7259939256201587e-08,1,11.255683898925781,0,1.0,1.0
cmflsp50-24-8-8,1,1.0,relmult,7.83983672840933e-12,1,25.673735857009888,1,1.0,1.0
cmflsp50-24-8-8,1,5.0,relmult,4.142947376359928e-11,1,27.547204971313477,1,25.0,25.0
cmflsp50-24-8-8,1,10.0,relmult,2.2435927620068756e-11,1,41.04167699813843,1,100.0,100.0
cmflsp50-24-8-8,1,50.0,relmult,9.958227769113862e-07,0,600.7727370262146,2,2500.0,2500.0
cmflsp50-24-8-8,1,1000.0,median,4.431731564281129e-09,1,94.70071506500244,1,1000000.0,143047.77670098084
cmflsp50-24-8-8,1,1000.0,other,1.4129903936684223e-10,1,101.97377705574036,1,4901.426947261598,2895221.743752365
cmflsp50-24-8-8,1,1000.0,reldiv,1.6701471473768818e-11,1,22.082003116607666,1,1.0,1.0
cmflsp50-24-8-8,1,10000.0,median,5.299354701690549e-09,1,201.66571402549744,1,100000000.0,1430477.7670098084
cmflsp50-24-8-8,1,10000.0,reldiv,2.520979598259872e-11,1,22.064481019973755,1,5.808694200898193,1.0
cmflsp50-24-8-8,1,100000.0,median,4.0279949338948364e-07,0,600.1913230419159,2,1652205670.9716992,14304777.670098085
cmflsp50-24-8-8,1,100000.0,reldiv,3.069125636776398e-11,1,31.236871004104614,1,58.08694200898193,1.9956720465892859
d20200,0,0.0,reldiv,8.242011986865695e-08,0,600.2101969718933,0,1.0,1.0
d20200,0,0.0,relmult,7.907252176300914e-08,0,600.2082660198212,0,1.0,1.0
d20200,1,1.0,relmult,2.8362235317131357e-08,0,600.2099301815033,2,1.0,1.0
d20200,1,5.0,relmult,1.7519079386986953e-07,0,600.1966931819916,2,25.0,25.0
d20200,1,10.0,relmult,1.495112362363028e-07,0,600.209655046463,2,100.0,100.0
d20200,1,50.0,relmult,1.0497108944175726e-06,0,600.2083151340485,2,2500.0,2500.0
d20200,1,1000.0,median,3.067211672471006e-06,0,600.20893907547,2,1000000.0,16210.568767722229
d20200,1,1000.0,other,5.148303631704848e-07,0,600.6018590927124,2,1885.6433155707466,1997.3429644285707
d20200,1,1000.0,reldiv,1.3321900868505494e-07,0,600.5976927280426,2,1.0,1.0
d20200,1,10000.0,median,1.1758726480344174e-06,0,600.2050318717957,2,14369407.167179918,162105.6876772223
d20200,1,10000.0,reldiv,2.4071644242438506e-07,0,600.5268349647522,2,3.6386013635443835,4.712348497904751
d20200,1,100000.0,median,6.344628133942687e-06,0,600.5042562484741,2,143694071.67179918,1621056.8767722228
d20200,1,100000.0,reldiv,4.826850290362423e-07,0,600.1975951194763,2,36.38601363544384,47.12348497904751
dws008-03,0,0.0,reldiv,2.156101026681754e-09,1,1.1020121574401855,0,1.0,1.0
dws008-03,0,0.0,relmult,2.156101026681754e-09,1,1.1841771602630615,0,1.0,1.0
dws008-03,1,1.0,relmult,3.096751753762879e-12,1,3.15964412689209,1,1.0,1.0
dws008-03,1,5.0,relmult,3.4264435644407234e-12,1,3.655107021331787,1,1.3234037296045,25.0
dws008-03,1,10.0,relmult,3.684541863485777e-11,1,5.71837592124939,1,2.646807459209,100.0
dws008-03,1,50.0,relmult,7.788484241116648e-13,1,6.859663009643555,1,13.234037296045,2500.0
dws008-03,1,1000.0,median,7.257852378400454e-12,1,13.05610203742981,1,1000000.0,1000000.0
dws008-03,1,1000.0,other,3.7215440711589256e-13,1,3.6840481758117676,1,1.0,81.08285058443698
dws008-03,1,1000.0,reldiv,3.192073816323452e-12,1,3.092214822769165,1,1.0,1.0
dws008-03,1,10000.0,median,1.8156613917671936e-10,1,120.75432991981506,1,100000000.0,100000000.0
dws008-03,1,10000.0,reldiv,4.201165936856441e-12,1,3.293233871459961,1,1.0,1.0
dws008-03,1,100000.0,median,0.0003864974485636436,0,600.2535989284515,2,1146103350.2016203,10000000000.0
dws008-03,1,100000.0,reldiv,3.5165185320316726e-12,1,3.0786240100860596,1,1.0,1.0
eva1aprime6x6opt,0,0.0,reldiv,2.012543979920783e-07,1,18.99924612045288,0,1.0,1.0
eva1aprime6x6opt,0,0.0,relmult,2.012543979920783e-07,1,18.206501960754395,0,1.0,1.0
eva1aprime6x6opt,1,1.0,relmult,1.466653059966261e-10,1,18.186516046524048,1,1.0,1.0
eva1aprime6x6opt,1,5.0,relmult,3.454949747779655e-10,1,102.77652502059937,1,25.0,25.0
eva1aprime6x6opt,1,10.0,relmult,1.9826716542948814e-10,1,119.81415510177612,1,100.0,100.0
eva1aprime6x6opt,1,50.0,relmult,0.00047579715030283607,0,601.1203680038452,2,2500.0,2500.0
eva1aprime6x6opt,1,1000.0,median,0.001857762153489717,0,600.2716941833496,2,1000000.0,1000000.0
eva1aprime6x6opt,1,1000.0,other,7.214933432398223e-10,1,123.92680501937866,1,490.49866987694907,206.20036635956092
eva1aprime6x6opt,1,1000.0,reldiv,1.1512041798057966e-10,1,18.041389226913452,1,1.0,1.0
eva1aprime6x6opt,1,10000.0,median,0.010469933281722053,0,600.5027978420258,2,100000000.0,100000000.0
eva1aprime6x6opt,1,10000.0,reldiv,1.9066627968578996e-10,1,23.490422010421753,1,2.2030913961804144,2.0599437198757333
eva1aprime6x6opt,1,100000.0,median,0.010469933281722053,0,600.5171620845795,2,10000000000.0,10000000000.0
eva1aprime6x6opt,1,100000.0,reldiv,1.2012792559000737e-10,1,36.53109002113342,1,22.030913961804142,20.599437198757332
ger50-17-trans-dfn-3t,0,0.0,reldiv,8.727385762195556e-09,1,47.724754095077515,0,1.0,1.0
ger50-17-trans-dfn-3t,0,0.0,relmult,8.727385762195556e-09,1,47.31935691833496,0,1.0,1.0
ger50-17-trans-dfn-3t,1,1.0,relmult,2.0647159064545638e-07,0,600.7335879802704,3,1.0,1.0
ger50-17-trans-dfn-3t,1,5.0,relmult,3.472294352726588e-08,0,601.2872109413147,3,55.34302407295202,25.0
ger50-17-trans-dfn-3t,1,10.0,relmult,7.30220457547514e-10,1,242.66807293891907,2,112.78345468777665,100.0
ger50-17-trans-dfn-3t,1,50.0,relmult,4.1222825536833504e-09,1,154.28785181045532,2,6566.792601074984,953.1547040861875
ger50-17-trans-dfn-3t,1,1000.0,median,1.5977743132296455e-07,0,600.4940137863159,2,1000000.0,14504.502887836907
ger50-17-trans-dfn-3t,1,1000.0,other,8.009187515395558e-08,0,601.0944771766663,3,586744.7553082239,4.627517862203945
ger50-17-trans-dfn-3t,1,1000.0,reldiv,4.410199672325374e-10,0,600.4595999717712,2,1.0,1.0
ger50-17-trans-dfn-3t,1,10000.0,median,1.7899570456193053e-08,0,600.355474948883,3,2342130643284.574,2381395348.837209
ger50-17-trans-dfn-3t,1,10000.0,reldiv,7.001579095908205e-08,0,600.7789058685303,3,4.004841154463913,1.0
ger50-17-trans-dfn-3t,1,100000.0,median,3.2038627469377916e-09,1,434.0509970188141,1,115093596.37987614,1450450.2887836907
ger50-17-trans-dfn-3t,1,100000.0,reldiv,2.542755851245013e-10,1,79.63536095619202,1,40.04841154463912,1.0
ger50-17-trans-pop-3t,0,0.0,reldiv,7.397581236363415e-07,1,96.58060097694397,0,1.0,1.0
ger50-17-trans-pop-3t,0,0.0,relmult,7.397581236363415e-07,1,94.60166907310486,0,1.0,1.0
ger50-17-trans-pop-3t,1,1.0,relmult,4.491492079908555e-10,1,72.38552689552307,1,1.0,1.0
ger50-17-trans-pop-3t,1,5.0,relmult,1.581934744101748e-10,1,108.66284799575806,1,25.0,25.0
ger50-17-trans-pop-3t,1,10.0,relmult,8.632669398925633e-12,1,191.3019459247589,1,100.0,100.0
ger50-17-trans-pop-3t,1,50.0,relmult,6.459319299364662e-10,1,172.19854283332825,1,2500.0,2500.0
ger50-17-trans-pop-3t,1,1000.0,median,1.0504475839555587e-06,0,600.1952688694,2,26641.4964313186,1000000.0
ger50-17-trans-pop-3t,1,1000.0,other,4.377648148560902e-10,1,296.75808000564575,1,5976.709732873132,33.502012698612305
ger50-17-trans-pop-3t,1,1000.0,reldiv,3.955690409728853e-11,1,77.77662897109985,1,1.0,1.0
ger50-17-trans-pop-3t,1,10000.0,median,1.879871207007647e-10,0,600.1882791519165,1,266414.964313186,75714404.90850344
ger50-17-trans-pop-3t,1,10000.0,reldiv,6.019051542796898e-10,1,95.92686200141907,1,1.0,1.0
ger50-17-trans-pop-3t,1,100000.0,median,1.9401973050890274e-10,0,600.1910898685455,1,2664149.64313186,757144049.0850345
ger50-17-trans-pop-3t,1,100000.0,reldiv,1.0646337752976108e-10,1,134.3310308456421,1,1.0,1.0
germanrr,0,0.0,reldiv,0.23642735028248352,0,600.6935999393463,0,1.0,1.0
germanrr,0,0.0,relmult,0.206001249698078,0,600.4519398212433,0,1.0,1.0
germanrr,1,1.0,relmult,0.00043822832333861785,0,600.8067538738251,2,1.0,1.0
germanrr,1,5.0,relmult,0.012747820571140722,0,600.8024299144745,2,9.361832253971166,25.0
germanrr,1,10.0,relmult,0.012747820571140722,0,600.8189952373505,2,18.72366450794233,100.0
germanrr,1,50.0,relmult,0.0019077125879373668,0,601.2827680110931,2,93.61832253971166,2500.0
germanrr,1,1000.0,median,0.008096465395999662,0,600.2216339111328,2,1000000.0,1000000.0
germanrr,1,1000.0,other,0.002980387358639792,0,600.2226469516754,2,25.482145450951066,2026451201.646888
germanrr,1,1000.0,reldiv,0.0022159902618352394,0,600.816253900528,2,1.0,1000000.0
germanrr,1,10000.0,median,0.012747820571140722,0,600.2294321060181,2,100000000.0,100000000.0
germanrr,1,10000.0,reldiv,0.00010926360207734619,0,600.8002271652222,2,3.468016298347927,100000000.0
germanrr,1,100000.0,median,0.012747820571140722,0,600.2322080135345,2,10000000000.0,10000000000.0
germanrr,1,100000.0,reldiv,0.012747820571140722,0,600.8029518127441,2,34.68016298347926,10000000000.0
graph20-80-1rand,0,0.0,reldiv,1.0153794289800109e-08,1,1.6326019763946533,0,1.0,1.0
graph20-80-1rand,0,0.0,reldiv_2,3.1946131682033555e-08,1,4.762752056121826,0,1.0,1.0
graph20-80-1rand,0,0.0,relmult,1.0153794289800109e-08,1,1.4289650917053223,0,1.0,1.0
graph20-80-1rand,1,1.0,relmult,2.5315357275702993e-12,1,3.6447560787200928,1,1.0,1.0
graph20-80-1rand,1,5.0,relmult,2.8459973171070087e-11,1,4.764142036437988,1,1.0,1.0
graph20-80-1rand,1,10.0,relmult,6.890160073160864e-11,1,4.305685043334961,1,1.0929902339362074,1.0
graph20-80-1rand,1,50.0,relmult,5.407197119880899e-12,1,4.519012928009033,1,5.464951169681037,1.0
graph20-80-1rand,1,100.0,relmult,2.427701599826934e-11,1,6.573451995849609,1,10.929902339362075,1.0
graph20-80-1rand,1,1000.0,median,4.719412040897319e-07,0,601.0306856632233,2,1000000.0,388079.55843602784
graph20-80-1rand,1,1000.0,other,4.5801779511889367e-11,1,2.8895349502563477,1,1.0,1.0
graph20-80-1rand,1,1000.0,reldiv,4.5801779511889367e-11,1,4.348562955856323,1,1.0,1.0
graph20-80-1rand,1,1000.0,reldiv_2,1.8604648120990936e-11,1,8.648969173431396,1,1.0,1.0
graph20-80-1rand,1,1000.0,relmult,3.949535281663387e-11,1,6.057321071624756,1,109.29902339362074,1.0
graph20-80-1rand,1,10000.0,median,5.792223939592452e-07,0,600.7777740955353,2,100000000.0,3880795.584360278
graph20-80-1rand,1,10000.0,reldiv,4.7397394265375254e-12,1,4.434987783432007,1,1.0,1.0
graph20-80-1rand,1,10000.0,reldiv_2,7.045716061487919e-13,1,10.678694009780884,1,1.0,1.0
graph20-80-1rand,1,100000.0,median,5.370306738134028e-07,0,601.2324960231781,2,1217420431.5879004,38807955.843602784
graph20-80-1rand,1,100000.0,reldiv,3.405609723791658e-11,1,5.507738828659058,1,1.0,1.0
graph20-80-1rand,1,100000.0,reldiv_2,3.417819909028709e-11,1,11.14182710647583,1,1.0,2.7738212383673835
mushroom-best,0,0.0,reldiv,7.980795129583975e-10,1,4.04789400100708,0,1.0,1.0
mushroom-best,0,0.0,relmult,7.980795129583975e-10,1,4.041378021240234,0,1.0,1.0
mushroom-best,1,1.0,relmult,1.311452232486292e-09,1,8.305533170700073,1,1.0,1.0
mushroom-best,1,5.0,relmult,5.4900345503955825e-11,1,8.604403018951416,1,1.0,1.0
mushroom-best,1,10.0,relmult,5.4900345503955825e-11,1,8.68352198600769,1,1.0,1.0
mushroom-best,1,50.0,relmult,5.154803875098612e-11,1,8.531362056732178,1,1.0,1.0
mushroom-best,1,1000.0,median,1.790929331017851e-09,1,26.94270896911621,1,1000000.0,1000000.0
mushroom-best,1,1000.0,other,1.0398709016020915e-12,1,9.590391874313354,1,1.0,1.0
mushroom-best,1,1000.0,reldiv,1.0398709016020915e-12,1,9.85975694656372,1,1.0,1.0
mushroom-best,1,10000.0,median,3.547998980377137e-10,1,43.32395100593567,1,16353924.769612825,100000000.0
mushroom-best,1,10000.0,reldiv,2.11820645735404e-13,1,11.143871068954468,1,1.0,1.0
mushroom-best,1,100000.0,median,8.281919998298687e-10,1,55.238147020339966,1,163539247.69612825,3827432255.1702685
mushroom-best,1,100000.0,reldiv,9.464357434778941e-14,1,10.135962009429932,1,2.7035474284914804,1.0
n2seq36q,0,0.0,reldiv,2.9987861364761413e-08,1,1.6902611255645752,0,1.0,1.0
n2seq36q,0,0.0,relmult,2.9987861364761413e-08,1,1.733247995376587,0,1.0,1.0
n2seq36q,1,1.0,relmult,1.4605337675855198e-06,0,601.0629189014435,2,1.0,1.0
n2seq36q,1,5.0,relmult,0.00018367446884376857,0,601.0960609912872,2,1.0,25.0
n2seq36q,1,10.0,relmult,3.4728758967899153e-07,0,601.0958659648895,2,1.0,100.0
n2seq36q,1,50.0,relmult,7.695793938147056e-08,0,601.0863139629364,2,1.1724690455153002,2500.0
n2seq36q,1,1000.0,median,1.379365757811844e-08,0,600.2094640731812,2,867105.0845129002,117063.18411496439
n2seq36q,1,1000.0,other,3.005736282274062e-06,0,600.2924559116364,2,1.1100502643595673,182.65418193709593
n2seq36q,1,1000.0,reldiv,2.5436937802848773e-05,0,601.0793888568878,2,1.0,1.0
n2seq36q,1,10000.0,median,8.080316537024428e-05,0,600.4585421085358,2,8671050.845129002,1170631.841149644
n2seq36q,1,10000.0,reldiv,8.789360985640362e-05,0,601.074059009552,2,1.0,1.0
n2seq36q,1,100000.0,median,8.395081331369625e-09,0,600.4654400348663,1,86710508.45129003,11706318.41149644
n2seq36q,1,100000.0,reldiv,2.2353142273909472e-08,0,601.0845880508423,2,5.254772371679919,1.0
neos-1122047,0,0.0,reldiv,9.652117624759932e-09,1,21.78712511062622,0,1.0,1.0
neos-1122047,0,0.0,relmult,9.652117624759932e-09,1,20.727757930755615,0,1.0,1.0
neos-1122047,1,1.0,relmult,1.945785873219714e-11,1,17.6220920085907,1,1.0,1.0
neos-1122047,1,5.0,relmult,1.3011798755411154e-10,1,21.05949306488037,1,25.0,1.0
neos-1122047,1,10.0,relmult,1.715135904139553e-10,1,17.287441968917847,1,100.0,1.0
neos-1122047,1,50.0,relmult,3.6289228180278265e-10,1,18.406691789627075,1,2500.0,1.0
neos-1122047,1,1000.0,median,0.00027199163343496504,0,600.3977320194244,2,1000000.0,184335.75122827417
neos-1122047,1,1000.0,other,2.6752367830715777e-11,1,137.4481132030487,1,144.20707116678955,1.0
neos-1122047,1,1000.0,reldiv,3.142044328599203e-12,1,22.12270498275757,1,1.0,1.0
neos-1122047,1,10000.0,median,2.329759957394005e-09,1,285.7930529117584,1,12834251.514234362,1843357.5122827417
neos-1122047,1,10000.0,reldiv,1.2631121378422757e-12,1,17.66255497932434,1,1.0,1.0
neos-1122047,1,100000.0,median,0.00027199163343496504,0,600.617378950119,2,128342515.14234363,18433575.12282742
neos-1122047,1,100000.0,reldiv,6.5689650421016e-13,1,19.502952098846436,1,1.0,1.0
neos-1354092,0,0.0,reldiv,4.912853330206408e-09,1,4.463551044464111,0,1.0,1.0
neos-1354092,0,0.0,relmult,4.912853330206408e-09,1,4.458060026168823,0,1.0,1.0
neos-1354092,1,1.0,relmult,3.39714834211868e-10,1,11.455981969833374,1,1.0,1.0
neos-1354092,1,5.0,relmult,3.550797820074286e-10,1,13.064424991607666,1,11.377745711280935,1.0
neos-1354092,1,10.0,relmult,2.9701412033606605e-10,1,13.005343914031982,1,22.75549142256187,1.0
neos-1354092,1,50.0,relmult,1.696478557822042e-10,1,11.517648935317993,1,113.77745711280936,1.0
neos-1354092,1,1000.0,median,0.0008058882161284958,0,600.5583109855652,2,363151.5250164896,1000000.0
neos-1354092,1,1000.0,other,2.2354786378478193e-10,1,10.703689098358154,1,1.0664105596731588,1.0
neos-1354092,1,1000.0,reldiv,3.35661468866126e-10,1,12.370620965957642,1,1.0,1.0
neos-1354092,1,10000.0,median,0.0008058882161284958,0,600.1850428581238,2,3631515.2501648962,37739673.623023905
neos-1354092,1,10000.0,reldiv,2.3010652727322265e-10,1,11.496438980102539,1,1.0,1.0
neos-1354092,1,100000.0,median,0.0008058882161284958,0,600.1843309402466,2,4145392.7281867154,377396736.23023903
neos-1354092,1,100000.0,reldiv,2.5115405311603285e-10,1,11.118965148925781,1,1.0,2.2142319093388045
neos-4292145-piako,0,0.0,reldiv,0.00411638218917097,0,600.9702308177948,0,1.0,1.0
neos-4292145-piako,0,0.0,reldiv_2,8.189769575314819e-05,0,602.4493000507355,0,1.0,1.0
neos-4292145-piako,0,0.0,relmult,0.00394406255225966,0,600.9961190223694,0,1.0,1.0
neos-4292145-piako,1,1.0,relmult,0.0008776529589414134,0,601.3189651966095,2,1.0,1.0
neos-4292145-piako,1,5.0,relmult,0.0008776529589414134,0,601.3093981742859,2,25.0,25.0
neos-4292145-piako,1,10.0,relmult,0.0008776529589414134,0,601.3105969429016,2,100.0,100.0
neos-4292145-piako,1,50.0,relmult,0.0008776529589414134,0,601.3174788951874,2,2500.0,2500.0
neos-4292145-piako,1,1000.0,median,0.0008776529589414134,0,600.8053781986237,2,1000000.0,1000000.0
neos-4292145-piako,1,1000.0,other,0.0008776529589414134,0,600.9600398540497,2,1137.0251000205228,425.19976865532203
neos-4292145-piako,1,1000.0,reldiv,0.0008776529589414134,0,601.3319799900055,2,1.0,1.0
neos-4292145-piako,1,10000.0,median,0.0008776529589414134,0,600.6792361736298,2,100000000.0,100000000.0
neos-4292145-piako,1,10000.0,reldiv,0.0008776529589414134,0,601.3406419754028,2,1.0,1.0
neos-4292145-piako,1,100000.0,median,0.0008776529589414134,0,600.6763789653778,2,10000000000.0,10000000000.0
neos-4292145-piako,1,100000.0,reldiv,0.0008776529589414134,0,601.3367209434509,2,1.0,4.942044011816106
neos-4300652-rahue,0,0.0,reldiv,7.666005623256187e-09,1,1.7577931880950928,0,1.0,1.0
neos-4300652-rahue,0,0.0,relmult,7.666005623256187e-09,1,1.9778048992156982,0,1.0,1.0
neos-4300652-rahue,1,1.0,relmult,7.251229540825358e-09,1,4.4083640575408936,1,1.0,1.0
neos-4300652-rahue,1,5.0,relmult,6.134420588596648e-09,1,4.669512987136841,1,12.411215058634795,1.0
neos-4300652-rahue,1,10.0,relmult,3.997787473093159e-09,1,4.071435928344727,1,24.82243011726959,1.0
neos-4300652-rahue,1,50.0,relmult,2.048952375741339e-09,1,4.68140983581543,1,124.11215058634795,1.0
neos-4300652-rahue,1,1000.0,median,6.290554969642268e-09,1,13.741338968276978,1,1000000.0,1000000.0
neos-4300652-rahue,1,1000.0,other,4.3549314019910175e-09,1,4.55296516418457,1,15.552581580095648,1.0
neos-4300652-rahue,1,1000.0,reldiv,6.904542041509182e-09,1,4.579504013061523,1,1.0,1.0
neos-4300652-rahue,1,10000.0,median,5.803078863434359e-09,1,108.14751815795898,1,100000000.0,100000000.0
neos-4300652-rahue,1,10000.0,reldiv,6.382895782517025e-09,1,4.751662015914917,1,1.0,1.0
neos-4300652-rahue,1,100000.0,median,2.2884091230194853e-08,0,600.6204280853271,3,2.9530392361689076e+16,1.1029652852824281e+19
neos-4300652-rahue,1,100000.0,reldiv,4.45814718835063e-09,1,4.830440044403076,1,9.744525119530762,1.1594060194019045
neos-5193246-nerang,0,0.0,reldiv,9.214774758589761e-09,1,0.848686933517456,0,1.0,1.0
neos-5193246-nerang,0,0.0,relmult,9.214774758589761e-09,1,1.0946760177612305,0,1.0,1.0
neos-5193246-nerang,1,1.0,relmult,3.3796082912840177e-09,1,2.356771945953369,1,1.0,1.0
neos-5193246-nerang,1,5.0,relmult,3.788873052013227e-09,1,2.3236260414123535,1,8.669309457581152,1.0
neos-5193246-nerang,1,10.0,relmult,2.4830942460874064e-09,1,2.590682029724121,1,17.338618915162304,1.0
neos-5193246-nerang,1,50.0,relmult,1.4936127903114854e-09,1,2.075532913208008,1,86.69309457581151,1.0
neos-5193246-nerang,1,1000.0,median,9.053834622017195e-09,1,3.68818998336792,1,1000000.0,59160.06555206811
neos-5193246-nerang,1,1000.0,other,4.5049435517150315e-09,1,1.8379669189453125,1,9.569366253963985,1.0
neos-5193246-nerang,1,1000.0,reldiv,5.401582971257839e-09,1,2.198580026626587,1,1.0,1.0
neos-5193246-nerang,1,10000.0,median,9.533903729285157e-09,1,7.492650985717773,1,24552936.134674165,591600.6555206811
neos-5193246-nerang,1,10000.0,reldiv,7.772653478976655e-09,1,2.109386920928955,1,1.0,1.0
neos-5193246-nerang,1,100000.0,median,7.63951590577533e-09,1,37.24245309829712,1,245529361.34674165,5916006.555206811
neos-5193246-nerang,1,100000.0,reldiv,2.5391574282479286e-09,1,2.052237033843994,1,5.281433945262273,1.0
neos-5195221-niemur,0,0.0,reldiv,1.0510687668733528e-08,1,0.9789478778839111,0,1.0,1.0
neos-5195221-niemur,0,0.0,relmult,1.0510687668733528e-08,1,1.123962163925171,0,1.0,1.0
neos-5195221-niemur,1,1.0,relmult,2.3106102533580996e-09,1,2.1535110473632812,1,1.0,1.0
neos-5195221-niemur,1,5.0,relmult,4.730677903255082e-09,1,2.141036033630371,1,25.0,1.0
neos-5195221-niemur,1,10.0,relmult,4.4285134390424045e-09,1,2.118473768234253,1,100.0,1.0
neos-5195221-niemur,1,50.0,relmult,6.692191378391257e-09,1,2.2658469676971436,1,862.6301451502814,1.0
neos-5195221-niemur,1,1000.0,median,9.074716589978456e-09,1,1.5738129615783691,1,1000000.0,58573.49746876823
neos-5195221-niemur,1,1000.0,other,7.177301006851782e-09,1,2.2747368812561035,1,47.690336160911784,1.0
neos-5195221-niemur,1,1000.0,reldiv,1.3260419264038668e-09,1,1.9885470867156982,1,1.0,1.0
neos-5195221-niemur,1,10000.0,median,7.445134647888832e-09,1,2.1761221885681152,1,22004597.725609474,585734.9746876823
neos-5195221-niemur,1,10000.0,reldiv,2.7068337881809926e-09,1,2.0210139751434326,1,1.3182753790412374,1.0
neos-5195221-niemur,1,100000.0,median,7.327559226088994e-09,1,2.8754639625549316,1,220045977.25609475,5857349.746876824
neos-5195221-niemur,1,100000.0,reldiv,3.578742974076691e-09,1,1.9726741313934326,1,13.182753790412374,1.0
neos-5196530-nuhaka,0,0.0,reldiv,8.332007467929115e-09,1,0.7839310169219971,0,1.0,1.0
neos-5196530-nuhaka,0,0.0,relmult,8.332007467929115e-09,1,1.1684401035308838,0,1.0,1.0
neos-5196530-nuhaka,1,1.0,relmult,1.0761232640956502e-09,1,3.107393980026245,1,1.0,1.0
neos-5196530-nuhaka,1,5.0,relmult,1.7463758452071363e-09,1,3.2225050926208496,1,10.491996026150606,1.0
neos-5196530-nuhaka,1,10.0,relmult,4.055862250029721e-09,1,2.84627103805542,1,20.98399205230121,1.0
neos-5196530-nuhaka,1,50.0,relmult,3.2908035852381606e-09,1,2.93093204498291,1,104.91996026150605,1.0
neos-5196530-nuhaka,1,1000.0,median,8.57213412746073e-09,1,5.195403099060059,1,1000000.0,1000000.0
neos-5196530-nuhaka,1,1000.0,other,5.447745437695819e-09,1,2.766961097717285,1,4.186182851762865,1.0
neos-5196530-nuhaka,1,1000.0,reldiv,5.72662289939251e-09,1,2.8284881114959717,1,1.0,1.0
neos-5196530-nuhaka,1,10000.0,median,8.55573463070536e-09,1,15.425755023956299,1,100000000.0,15822353.867266815
neos-5196530-nuhaka,1,10000.0,reldiv,1.1676739202222533e-09,1,2.8411600589752197,1,1.0,1.0
neos-5196530-nuhaka,1,100000.0,median,9.817794722095354e-09,1,37.75503087043762,1,2154337995.8047004,158223538.67266816
neos-5196530-nuhaka,1,100000.0,reldiv,2.71263928806458e-09,1,2.739886999130249,1,1.0,1.0
neos-5266653-tugela,0,0.0,reldiv,1.1020681670787499e-08,1,3.6282339096069336,0,1.0,1.0
neos-5266653-tugela,0,0.0,relmult,1.1020681670787499e-08,1,3.6023359298706055,0,1.0,1.0
neos-5266653-tugela,1,1.0,relmult,3.698252323180578e-13,1,8.602645874023438,1,1.0,1.0
neos-5266653-tugela,1,5.0,relmult,1.0006149717468824e-12,1,11.171359062194824,1,25.0,25.0
neos-5266653-tugela,1,10.0,relmult,1.0828525698061393e-13,1,13.288894891738892,1,100.0,100.0
neos-5266653-tugela,1,50.0,relmult,4.840521569922574e-13,1,22.484920978546143,1,738.5170818995871,2500.0
neos-5266653-tugela,1,1000.0,median,3.526420499970086e-13,1,180.55673599243164,1,1000000.0,1000000.0
neos-5266653-tugela,1,1000.0,other,2.8692819452953623e-13,1,18.3283109664917,1,12.186895138325049,241.79501890125724
neos-5266653-tugela,1,1000.0,reldiv,2.3419956988421966e-12,1,20.60600996017456,1,1.0,1.0
neos-5266653-tugela,1,10000.0,median,1.5720704755840187e-10,0,600.3451859951019,1,100000000.0,100000000.0
neos-5266653-tugela,1,10000.0,reldiv,2.615426920398128e-13,1,26.478206157684326,1,1.0,1.0
neos-5266653-tugela,1,100000.0,median,0.0007388996553913955,0,600.2861416339874,2,10000000000.0,10000000000.0
neos-5266653-tugela,1,100000.0,reldiv,7.551084025710115e-13,1,27.049041986465454,1,1.0055313326708155,1.0
neos-933638,0,0.0,reldiv,9.889888242092284e-09,1,1.9855940341949463,0,1.0,1.0
neos-933638,0,0.0,relmult,9.889888242092284e-09,1,2.0434679985046387,0,1.0,1.0
neos-933638,1,1.0,relmult,1.0907119734441638e-11,1,4.53348708152771,1,1.0,1.0
neos-933638,1,5.0,relmult,1.8144368128778047e-10,1,5.148844957351685,1,6.06036796715903,25.0
neos-933638,1,10.0,relmult,8.401068289156639e-12,1,5.9460530281066895,1,12.12073593431806,100.0
neos-933638,1,50.0,relmult,1.6005779633095756e-11,1,6.514853000640869,1,60.60367967159029,2500.0
neos-933638,1,1000.0,median,1.3038229217126327e-11,1,7.1976611614227295,1,1000000.0,742261.0923213371
neos-933638,1,1000.0,other,4.703687204957524e-12,1,6.618564128875732,1,6.340259492696454,12.230062298613564
neos-933638,1,1000.0,reldiv,8.709237615051833e-12,1,7.376540899276733,1,1.0,1.0
neos-933638,1,10000.0,median,9.682387780283484e-12,1,16.989497900009155,1,71652837.06317927,7422610.923213371
neos-933638,1,10000.0,reldiv,9.227865527797389e-12,1,8.047703981399536,1,1.0,1.0
neos-933638,1,100000.0,median,1.5401949559985355e-11,1,28.51276707649231,1,716528370.6317927,74226109.2321337
neos-933638,1,100000.0,reldiv,5.543938946502549e-12,1,9.593711137771606,1,3.3165387524787437,1.0
neos-933966,0,0.0,reldiv,3.999957484756421e-09,1,1.965466022491455,0,1.0,1.0
neos-933966,0,0.0,relmult,3.999957484756421e-09,1,1.987982988357544,0,1.0,1.0
neos-933966,1,1.0,relmult,3.196375480795186e-12,1,5.3518359661102295,1,1.0,1.0
neos-933966,1,5.0,relmult,4.906496990158535e-12,1,5.580522060394287,1,1.0,25.0
neos-933966,1,10.0,relmult,6.609233881052545e-12,1,5.276932001113892,1,1.7144892072476663,100.0
neos-933966,1,50.0,relmult,3.952496825028606e-12,1,5.5286760330200195,1,8.57244603623833,1764.7941812761287
neos-933966,1,1000.0,median,4.1241281261154313e-13,1,4.428225040435791,1,243322.736313125,48566.5374529673
neos-933966,1,1000.0,other,3.8348408512009305e-12,1,6.605892181396484,1,1.0,1.4061308996056177
neos-933966,1,1000.0,reldiv,1.7580128414252862e-12,1,7.045799016952515,1,1.0,1.0
neos-933966,1,10000.0,median,2.6742002322444977e-12,1,5.623697996139526,1,2433227.3631312503,485665.374529673
neos-933966,1,10000.0,reldiv,4.893005867764297e-12,1,7.5912699699401855,1,1.0,1.0
neos-933966,1,100000.0,median,3.191000542363293e-10,1,6.555620908737183,1,24332273.6313125,4856653.74529673
neos-933966,1,100000.0,reldiv,3.2732768983928206e-12,1,8.312129974365234,1,1.0,1.0
neos-953928,0,0.0,reldiv,5.260879557565188e-09,1,3.556187152862549,0,1.0,1.0
neos-953928,0,0.0,relmult,5.260879557565188e-09,1,3.5436439514160156,0,1.0,1.0
neos-953928,1,1.0,relmult,2.0665797157865202e-11,1,5.872376203536987,1,1.0,1.0
neos-953928,1,5.0,relmult,1.335833192994928e-10,1,6.8108649253845215,1,25.0,4.24622375544912
neos-953928,1,10.0,relmult,1.2349169727899306e-11,1,8.695087909698486,1,54.96889239674175,8.49244751089824
neos-953928,1,50.0,relmult,1.4337260056744623e-10,1,11.759970903396606,1,274.84446198370875,42.462237554491196
neos-953928,1,1000.0,median,4.9688258213492954e-09,1,19.816663026809692,1,11937.454744265699,137524.26444560662
neos-953928,1,1000.0,other,2.968868471262002e-12,1,5.723682880401611,1,6.5338366863727515,5.553485298507636
neos-953928,1,1000.0,reldiv,6.353373900680726e-12,1,6.866741895675659,1,1.0,1.0
neos-953928,1,10000.0,median,6.737059860891249e-09,1,20.24516487121582,1,91219.53486645501,1375242.6444560662
neos-953928,1,10000.0,reldiv,2.0252319990666206e-12,1,6.762415885925293,1,1.0,1.0
neos-953928,1,100000.0,median,7.678918589258988e-09,1,19.416045904159546,1,91219.53486645501,13752426.444560662
neos-953928,1,100000.0,reldiv,4.81725591287094e-12,1,6.42126202583313,1,1.0,3.6316031298588967
neos-960392,0,0.0,reldiv,1.1484118425067035e-08,1,6.189777851104736,0,1.0,1.0
neos-960392,0,0.0,relmult,1.1484118425067035e-08,1,5.550703048706055,0,1.0,1.0
neos-960392,1,1.0,relmult,1.8761684377236275e-11,1,2.9205708503723145,1,1.0,1.0
neos-960392,1,5.0,relmult,1.2026923629581543e-11,1,2.6098709106445312,1,25.0,1.0
neos-960392,1,10.0,relmult,9.5895487599625e-12,1,4.412507057189941,1,100.0,1.3855710327891047
neos-960392,1,50.0,relmult,4.7252427518223465e-12,1,3.7967238426208496,1,1806.4916143406056,6.927855163945523
neos-960392,1,1000.0,median,2.4535830544232663e-11,1,5.440881013870239,1,485481.4605592816,1000000.0
neos-960392,1,1000.0,other,4.439045854410591e-12,1,2.9765219688415527,1,43.31440878906623,3.405500293255037
neos-960392,1,1000.0,reldiv,4.002492277932821e-11,1,3.177003860473633,1,1.0,1.0
neos-960392,1,10000.0,median,6.076782232418513e-12,1,4.250353097915649,1,4854814.605592815,100000000.0
neos-960392,1,10000.0,reldiv,2.2192744875386864e-11,1,2.973590850830078,1,1.0,1.0
neos-960392,1,100000.0,median,2.393987816588142e-10,1,5.323484897613525,1,48548146.055928156,2976061914.2782283
neos-960392,1,100000.0,reldiv,1.691661542437122e-11,1,3.5000150203704834,1,5.192767001664589,8.370146295578172
ns1430538,0,0.0,reldiv,1.403118792608906e-08,1,35.52120494842529,0,1.0,1.0
ns1430538,0,0.0,relmult,1.403118792608906e-08,1,33.854651927948,0,1.0,1.0
ns1430538,1,1.0,relmult,1.0935265494758485e-10,1,66.4545168876648,1,1.0,1.0
ns1430538,1,5.0,relmult,1.8874918905568563e-10,1,62.591716051101685,1,9.602545994005393,1.0
ns1430538,1,10.0,relmult,1.7648947049408407e-10,1,66.48627591133118,1,19.205091988010786,1.0
ns1430538,1,50.0,relmult,1.248598662341037e-10,1,117.4626669883728,1,96.02545994005392,1.0
ns1430538,1,1000.0,median,0.0004525003270523057,0,600.5273039340973,2,1000000.0,1000000.0
ns1430538,1,1000.0,other,5.262002020223772e-10,1,83.7187430858612,1,5.568194899920699,1.0
ns1430538,1,1000.0,reldiv,1.700827061113926e-10,1,69.39375185966492,1,1.0,1.0
ns1430538,1,10000.0,median,0.0009740984683163273,0,600.6150710582733,2,100000000.0,22443957.741429422
ns1430538,1,10000.0,reldiv,5.35051719199707e-10,1,90.54023909568787,1,1.0,1.0
ns1430538,1,100000.0,median,0.0009740984683163273,0,600.5986678600311,2,10000000000.0,224439577.4142942
ns1430538,1,100000.0,reldiv,3.996610029984103e-07,0,601.0072448253632,2,1.6144048913099889,1.0
ns1456591,0,0.0,other,3.929352971468617e-09,1,22.769163131713867,0,1.0,1.0
ns1456591,0,0.0,reldiv,3.929352971468617e-09,1,22.746591091156006,0,1.0,1.0
ns1456591,0,0.0,reldiv_2,6.96512809451975e-09,1,29.911647081375122,0,1.0,1.0
ns1456591,0,0.0,relmult,3.929352971468617e-09,1,22.708996057510376,0,1.0,1.0
ns1456591,1,1.0,relmult,2.2868472867764182e-11,1,15.27737307548523,1,1.0,1.0
ns1456591,1,5.0,relmult,9.944956102195306e-13,1,25.492180824279785,1,25.0,2.021811859784623
ns1456591,1,10.0,relmult,3.616872748677314e-12,1,18.045960903167725,1,100.0,4.043623719569246
ns1456591,1,50.0,relmult,1.2830279185755504e-11,1,86.65970802307129,1,2500.0,20.21811859784623
ns1456591,1,100.0,relmult,1.0726252836255032e-11,1,121.51717400550842,1,10000.0,40.43623719569246
ns1456591,1,1000.0,other,2.0136156286620832e-12,1,15.223445892333984,1,7.468979380064411,1.0
ns1456591,1,1000.0,reldiv,2.0136156286620832e-12,1,15.317306995391846,1,1.0,1.0
ns1456591,1,1000.0,reldiv_2,6.5181748412574645e-12,1,41.90203881263733,1,1.0,1.0
ns1456591,1,1000.0,relmult,1.6852802275950238e-11,1,359.8839302062988,1,1000000.0,404.3623719569246
ns1456591,1,10000.0,other,5.83492053020429e-12,1,12.400325059890747,1,74.68979380064411,1.0
ns1456591,1,10000.0,reldiv,5.83492053020429e-12,1,12.528234958648682,1,1.0,1.0
ns1456591,1,10000.0,reldiv_2,6.060527944870646e-12,1,35.93168807029724,1,1.0,1.0
ns1456591,1,10000.0,relmult,2.9007866907485178e-11,1,194.91118597984314,1,43679247.04703563,4043.6237195692465
ns1456591,1,100000.0,other,2.3704186626105602e-12,1,15.554652214050293,1,1.0,1.0
ns1456591,1,100000.0,reldiv,2.3704186626105602e-12,1,15.552330017089844,1,1.0,1.0
ns1456591,1,100000.0,reldiv_2,1.4700848159432055e-11,1,47.87101888656616,1,1.0,1.0
ns1828997,0,0.0,reldiv,1.0478415893091737e-09,1,3.3433120250701904,0,1.0,1.0
ns1828997,0,0.0,reldiv_2,3.4494997234112342e-09,1,10.8039231300354,0,1.0,1.0
ns1828997,0,0.0,relmult,1.0478415893091737e-09,1,2.76686692237854,0,1.0,1.0
ns1828997,1,1.0,relmult,4.99197678260378e-09,1,5.843540191650391,1,1.0,1.0
ns1828997,1,5.0,relmult,5.1751829349703305e-09,1,5.749098062515259,1,1.0,1.0
ns1828997,1,10.0,relmult,5.1751829349703305e-09,1,5.794094800949097,1,1.0,1.0
ns1828997,1,50.0,relmult,7.515670372491283e-09,1,6.023573875427246,1,1.0,1.0
ns1828997,1,1000.0,median,1.1317158670702392e-10,1,6.515110969543457,1,964541.9972948602,16097.503534295065
ns1828997,1,1000.0,other,8.839046811613048e-10,1,6.014628887176514,1,1.0,1.0
ns1828997,1,1000.0,reldiv,8.839046811613048e-10,1,6.614784002304077,1,1.0,1.0
ns1828997,1,1000.0,reldiv_2,2.8111584761398235e-10,1,38.89972496032715,1,1.0,1.0
ns1828997,1,10000.0,median,1.3262834554933864e-10,1,6.181078910827637,1,9645419.972948601,160975.03534295064
ns1828997,1,10000.0,reldiv,5.542389269259294e-09,1,6.666723012924194,1,1.0,1.0
ns1828997,1,10000.0,reldiv_2,1.1161512624055642e-09,1,40.32745289802551,1,1.0,1.0
ns1828997,1,100000.0,median,2.1647067048933964e-11,1,5.4071550369262695,1,71302736.91830477,1609750.3534295065
ns1828997,1,100000.0,reldiv,6.900719137279614e-09,1,7.0543389320373535,1,1.0,1.0
ns1828997,1,100000.0,reldiv_2,1.871343603272354e-09,1,34.84758687019348,1,1.0,1.0
pb-grow22,0,0.0,reldiv,6.693841230378115e-09,1,257.61919498443604,0,1.0,1.0
pb-grow22,0,0.0,relmult,6.693841230378115e-09,1,253.22158098220825,0,1.0,1.0
pb-grow22,1,1.0,relmult,2.549872318773324e-05,0,600.7783579826355,2,1.0,1.0
pb-grow22,1,5.0,relmult,2.5498865528157025e-05,0,600.7885248661041,2,1.0,25.0
pb-grow22,1,10.0,relmult,2.8949557264825424e-05,0,601.3358209133148,2,1.0,100.0
pb-grow22,1,50.0,relmult,2.5498864088864607e-05,0,600.7877759933472,2,1.0,2500.0
pb-grow22,1,1000.0,median,4.595039963024117e-05,0,600.556468963623,2,1000000.0,1000000.0
pb-grow22,1,1000.0,reldiv,2.5498692389112118e-05,0,600.7770509719849,2,1.0,1.1463780366819984
pb-grow22,1,10000.0,median,4.5954892088476814e-05,0,600.2051820755005,2,8390071.77542643,100000000.0
pb-grow22,1,10000.0,reldiv,2.5498725126531546e-05,0,600.7946438789368,2,1.3283606611780308,11.463780366819984
pb-grow22,1,100000.0,median,4.595508512778226e-05,0,600.1991670131683,2,8390071.77542643,10000000000.0
pb-grow22,1,100000.0,reldiv,2.549865526569382e-05,0,600.7752869129181,2,13.283606611780307,114.63780366819984
physiciansched5-3,0,0.0,reldiv,8.81073594345244e-09,1,149.8955659866333,0,1.0,1.0
physiciansched5-3,0,0.0,relmult,8.81073594345244e-09,1,144.30275106430054,0,1.0,1.0
physiciansched5-3,1,1.0,relmult,0.0010849991700839763,0,601.395665884018,2,1.0,1.0
physiciansched5-3,1,5.0,relmult,0.0010849991700839763,0,601.3950181007385,2,25.0,25.0
physiciansched5-3,1,10.0,relmult,0.0010849991700839763,0,601.3979392051697,2,100.0,100.0
physiciansched5-3,1,50.0,relmult,0.0010849991700839763,0,601.4269597530365,2,1549.2491642290631,2500.0
physiciansched5-3,1,1000.0,median,0.0010849991700839763,0,600.2906758785248,2,1000000.0,1000000.0
physiciansched5-3,1,1000.0,reldiv,0.0010849991700839763,0,600.8874039649963,2,1.0,1000000.0
physiciansched5-3,1,10000.0,median,0.0010849991700839763,0,600.297397851944,2,100000000.0,100000000.0
physiciansched5-3,1,10000.0,reldiv,0.0010849991700839763,0,600.9074149131775,2,1.0,11166338.973528808
physiciansched5-3,1,100000.0,median,0.0010849991700839763,0,600.2908871173859,2,10000000000.0,10000000000.0
physiciansched5-3,1,100000.0,reldiv,0.0010849991700839763,0,600.8984889984131,2,1.0,111663389.73528807
piperout-d20,0,0.0,reldiv,2.8850669123378973e-09,1,310.8044500350952,0,1.0,1.0
piperout-d20,0,0.0,reldiv_2,0.02454646148276532,0,601.3732991218567,0,1.0,1.0
piperout-d20,0,0.0,relmult,2.8850669123378973e-09,1,303.19529581069946,0,1.0,1.0
piperout-d20,1,1.0,relmult,1.708890924579529e-05,0,600.8247029781342,2,1.0,1.0
piperout-d20,1,5.0,relmult,1.005051696395617e-07,0,601.3200678825378,2,25.0,5.407254006445868
piperout-d20,1,10.0,relmult,2.786561360967492e-08,0,601.3867118358612,2,100.0,10.814508012891736
piperout-d20,1,50.0,relmult,9.210119069187864e-08,0,601.3688688278198,2,2038.3935259824802,54.07254006445868
piperout-d20,1,1000.0,median,0.0002741167992984025,0,600.2379882335663,2,1000000.0,1000000.0
piperout-d20,1,1000.0,other,1.1170900885159213e-07,0,600.7262530326843,2,3.961586971854558,540.7254006445868
piperout-d20,1,1000.0,reldiv,0.0002741167992984025,0,601.1379859447479,2,1.0,270.3627003222934
piperout-d20,1,1000.0,reldiv_2,0.0008979142223241763,0,602.5626661777496,2,1.0,22.178881691993855
piperout-d20,1,10000.0,median,0.0002741167992984025,0,600.2342989444733,2,100000000.0,100000000.0
piperout-d20,1,10000.0,reldiv,0.0002741167992984025,0,600.8311550617218,2,1.0,2703.627003222934
piperout-d20,1,10000.0,reldiv_2,0.0008979142223241763,0,600.95152592659,2,1.0,221.78881691993854
piperout-d20,1,100000.0,median,0.0002741167992984025,0,600.2521967887878,2,10000000000.0,10000000000.0
piperout-d20,1,100000.0,reldiv,0.0002741167992984025,0,600.8204958438873,2,1.0,27036.27003222934
piperout-d20,1,100000.0,reldiv_2,0.0008979142223241763,0,600.8671522140503,2,1.0,2217.888169199385
sorrell7,1,1.0,relmult,6.519241874410977e-12,1,1.0204110145568848,0,1.0,1.0
sorrell7,1,5.0,relmult,6.519241874410977e-12,1,0.9968690872192383,0,1.0,1.0
sorrell7,1,10.0,relmult,6.519241874410977e-12,1,1.0218069553375244,0,1.0,1.0
sorrell7,1,50.0,relmult,6.519241874410977e-12,1,1.0063810348510742,0,1.0,1.0
sorrell7,1,1000.0,median,6.519241874410977e-12,1,0.8387818336486816,0,1.0,1.0
sorrell7,1,1000.0,other,6.519241874410977e-12,1,0.7591018676757812,0,1.0,1.0
sorrell7,1,1000.0,reldiv,6.519241874410977e-12,1,1.0284719467163086,0,1.0,1.0
sorrell7,1,10000.0,median,6.519241874410977e-12,1,0.7474961280822754,0,1.0,1.0
sorrell7,1,10000.0,reldiv,6.519241874410977e-12,1,1.033923864364624,0,1.0,1.0
sorrell7,1,100000.0,median,6.519241874410977e-12,1,0.9842488765716553,0,1.0,1.0
sorrell7,1,100000.0,reldiv,6.519241874410977e-12,1,1.0309340953826904,0,1.0,1.0
stockholm,0,0.0,reldiv,1.884245895666354e-09,1,39.73446297645569,0,1.0,1.0
stockholm,0,0.0,relmult,1.884245895666354e-09,1,36.98597311973572,0,1.0,1.0
stockholm,1,1.0,relmult,2.4711139591274006e-08,0,601.3609631061554,4,1.0,1.0
stockholm,1,5.0,relmult,1.6918367752592955e-09,1,42.54405188560486,1,1.0,1.0
stockholm,1,10.0,relmult,2.9076154252286465e-10,1,42.55251717567444,1,1.8979414677790731,1.0
stockholm,1,50.0,relmult,1.005470870406141e-08,0,601.3387191295624,1,9.489707338895366,1.0
stockholm,1,1000.0,median,0.0008694775873862193,0,600.6337342262268,2,1000000.0,412441.3581699281
stockholm,1,1000.0,other,2.2844163597555596e-09,0,600.6455280780792,1,1.0,1.0
stockholm,1,1000.0,reldiv,4.346440668501928e-10,0,600.8962459564209,1,1.0,1.0
stockholm,1,10000.0,median,0.0008694775873862193,0,600.6416907310486,2,100000000.0,4124413.581699281
stockholm,1,10000.0,reldiv,1.4525021233861212e-09,0,600.893748998642,1,1.0,1.0
stockholm,1,100000.0,median,0.0008694775873862193,0,600.6486327648163,2,2678245415.2607427,41244135.81699281
stockholm,1,100000.0,reldiv,1.3725075625601045e-10,0,600.9038238525391,1,1.0,1.0
supportcase23,0,0.0,reldiv,4.560795259841572e-09,1,152.90113615989685,0,1.0,1.0
supportcase23,0,0.0,relmult,4.560795259841572e-09,1,146.02670788764954,0,1.0,1.0
supportcase23,1,1.0,relmult,3.7514834749637346e-06,0,601.1505761146545,2,1.0,1.0
supportcase23,1,5.0,relmult,0.006960202322927518,0,600.9203059673309,2,25.0,1.0
supportcase23,1,10.0,relmult,0.006960202322927518,0,601.4486629962921,2,100.0,1.0
supportcase23,1,50.0,relmult,0.006960202322927518,0,600.9135389328003,2,2500.0,1.0
supportcase23,1,1000.0,median,0.006960202322927518,0,600.2931773662567,2,1000000.0,1000000.0
supportcase23,1,1000.0,other,0.006960202322927518,0,600.3675270080566,2,689.3128088091705,3.7356610811352216
supportcase23,1,1000.0,reldiv,6.465607678995068e-06,0,600.9517238140106,2,1.0,1.8678305405676108
supportcase23,1,10000.0,median,0.006960202322927518,0,600.3012411594391,2,100000000.0,100000000.0
supportcase23,1,10000.0,reldiv,0.006960202322927518,0,600.9186871051788,2,1.4166027806171277,18.67830540567611
supportcase23,1,100000.0,median,0.006960202322927518,0,600.2919330596924,2,10000000000.0,3298105714.955519
supportcase23,1,100000.0,reldiv,0.006960202322927518,0,600.9495830535889,2,14.166027806171279,186.78305405676107
